{
  "StartTimestamp": 1757024740455495000,
  "EndTimestamp": 1757283939455495000,
  "EventsProcessed": 784320,
  "FinalPortfolioState": {
    "TimestampNs": 1757283939455495000,
    "Positions": [],
    "UnrealizedPnL": 0,
    "RealizedPnL": 0,
    "NetGreeks": {
      "Delta": 0,
      "Gamma": 0,
      "Theta": 0,
      "Vega": 0,
      "Rho": 0
    }
  },
  "PerformanceMetrics": {
    "BacktestDuration": "00:00:00",
    "TotalEvents": 784320,
    "TotalFills": 0,
    "TotalOrders": 0,
    "EventsPerSecond": 0,
    "EventLatencies": {
      "MarketData": {
        "Count": 777600,
        "Mean": 0.45529835390946505,
        "Min": 0,
        "Max": 6302,
        "P50": 10,
        "P90": 10,
        "P99": 10,
        "P999": 10
      },
      "Quote": {
        "Count": 6720,
        "Mean": 7.932738095238095,
        "Min": 1,
        "Max": 4590,
        "P50": 10,
        "P90": 100,
        "P99": 100,
        "P999": 100
      },
      "Fill": {
        "Count": 0,
        "Mean": 0,
        "Min": 0,
        "Max": 0,
        "P50": 0,
        "P90": 0,
        "P99": 0,
        "P999": 0
      },
      "OrderAck": {
        "Count": 0,
        "Mean": 0,
        "Min": 0,
        "Max": 0,
        "P50": 0,
        "P90": 0,
        "P99": 0,
        "P999": 0
      }
    },
    "OrderProcessingLatency": {
      "Count": 0,
      "Mean": 0,
      "Min": 0,
      "Max": 0,
      "P50": 0,
      "P90": 0,
      "P99": 0,
      "P999": 0
    },
    "FillCounts": {},
    "OrderStatusCounts": {
      "Accepted": 4
    }
  },
  "StrategyState": {
    "LastAck_BUY_SPY_1757024740455495000_2808": 1,
    "LastAck_BUY_QQQ_1757024777876339000_6477": 1,
    "LastAck_CC_QQQ_1757029494530473000_8405": 1,
    "LastAck_CC_SPY_1757029494536236000_3191": 1,
    "PositionCount": 2,
    "ActiveCalls": 2,
    "ConfigMinDelta": 0.25,
    "ConfigMaxDelta": 0.35
  },
  "Duration": "00:00:00",
  "TotalReturn": 0,
  "EventsPerSecond": "Infinity"
}